uuid,description,content_en,message_type,title_en,content_ar,title_ar
002d16dd9f1340d7a65c20c77d16e7cf,accident_block_during_listing,"An accident block is created on your car ${cargroup_name} ${license}, we expect to return your car by ${block_end}. - Team Zoomcar Host",SMS,,تم إنشاء حظر حادث على سيارتك ${cargroup_name}$ {license}، نتوقع إعادة سيارتك بواسطة ${block_end}. - Zoomcar Host ,
c09d972f0eef4fd3855e63931b798798,accident_block_during_listing,"An accident block is created on your car ${cargroup_name} ${license}, we expect to return your car by ${block_end}.",ANDROID_PN,Accident block,تم إنشاء حظر حادث على سيارتك ${cargroup_name}$  {license}، نتوقع إعادة سيارتك بواسطة ${block_end}. ,كتلة الحوادث
927c1fe45f92491599a559cca1ce6f00,accident_block_during_listing,"An accident block is created on your car ${cargroup_name} ${license}, we expect to return your car by ${block_end}.",IOS_PN,Accident block,تم إنشاء حظر حادث على سيارتك ${cargroup_name}$  {license}، نتوقع إعادة سيارتك بواسطة ${block_end}. ,كتلة الحوادث
f0ab383b840b4acb84ab289caf4371f6,amigo_listing_creation,"Hey Zoomcar Host, your Listing ${entity_key} has been confirmed for ${cargroup_name} ${license} from ${location_address}. It starts on ${starts_at} to ${ends_at}.Click here ${deep_clean_google_form_url} to avail our deep cleaning & extensive deep cleaning services at the time of listing start and end. - Team Zoomcar Host",SMS,,مرحبًا يا صاح، تم تأكيد قائمتك ${entity_key} مقابل ${cargroup_name} ${license} من ${location_address}. يبدأ من ${starts_at} إلى ${ends_at}. انقر هنا ${deep_clean_google_form_url} للاستفادة من خدمات التنظيف العميق والتنظيف الشامل الشاملة في وقت بدء القائمة ونهايتها. - فريق Zoomcar Host ,
4757112c7f2b4e94b16309ed7f12362c,amigo_listing_creation,Your Listing has been confirmed for ${cargroup_name} ${license} from ${location_address},ANDROID_PN,Listing creation,تم تأكيد بطاقتك لـ ${cargroup_name} ${license} من ${location_address},إنشاء القائمة
376024f9ccc849249e071150acdf2f86,amigo_listing_creation,Your Listing has been confirmed for ${cargroup_name} ${license} from ${location_address},IOS_PN,Listing creation,تم تأكيد بطاقتك لـ ${cargroup_name} ${license} من ${location_address},إنشاء القائمة
f425f96e8bb64973a869df9a56e7d758,amigo_listing_creation_nudge_t3_days,"Dear Zoomcar Host, you haven't listed your car in a while. Our users are earning an average of Rs 20,000 per month! What are you waiting for? Create a listing NOW to start earning by clicking here: https://zap.zoomcar.com/create - Team Zoomcar Host",SMS,,عزيزي يا صاح، لم تقم بإدراج سيارتك منذ فترة. يكسب مستخدمونا ما معدله 20000 روبية في الشهر! ماذا تنتظر؟ أنشئ قائمة الآن لبدء الكسب بالنقر هنا: https://zap.zoomcar.com/create .  - فريق Zoomcar Host ,
e07e2eb3433d41a187ddfc3a4e4ee02a,Amigo_RNR_Leads_Comm,"Hey Zoomcar Host!Thanks for showing interest in our program by filling up the form. We tried reaching out to you to share the requested details, but could not receive a response. We would try to contact you today to share the details. Alternatively, you too can contact us at 08068972200.- Team Zoomcar Host",SMS,,مرحبًا يا صاح! شكرًا لإبداء الاهتمام ببرنامجنا من خلال ملء النموذج. لقد حاولنا التواصل معك لمشاركة التفاصيل المطلوبة ، لكن لم نتمكن من تلقي الرد. سنحاول الاتصال بك اليوم لمشاركة التفاصيل. بدلاً من ذلك، يمكنك أيضًا الاتصال بنا على 08068972200.- فريق Zoomcar Host ,
701421c05dfb4f189e54c0f73d73f0f2,booking end amigo feedback,"Hey ${subscriber_type}, the booking ${booking_id} on your car ${car_license} just got completed. Click here ${deep_link} to share your car sharing experience for this booking- ${signature}.",SMS,,مرحبًا ${subscriber_type}، لقد اكتمل حجز ${booking_id} لسيارتك ${car_ license}. انقر هنا ${deep_link} لمشاركة تجربة مشاركة سيارتك لهذا الحجز- ${signature}.,
6ae40eea849a4783a6140f9add180b12,booking end amigo feedback pn,Click here to rate your car sharing experience for the booking ${booking_id},ANDROID_PN,Booking on your car just got completed!,انقر هنا لتقييم تجربة مشاركة سيارتك للحجز ${booking_id} ,اكتمل الحجز على سيارتك للتو!
841f5569938f411b8afbb250f3fbbcbb,booking end ios pn feedback,Click here to rate your car sharing experience for the booking ${booking_id},IOS_PN,Booking on your car just got completed!,انقر هنا لتقييم تجربة مشاركة سيارتك للحجز ${booking_id} ,اكتمل الحجز على سيارتك للتو!
ef4c55266457470b8c9859b4c6abf9cc,booking_allocated_to_listing,${no_fuel}Booking ${entity_key} for ${customer_name} is scheduled to start on your Listing ${listing_encoded_id} at ${starts_at}.${fuel_text} ${cargroup_name} ${license} at ${location_address}. - Team Zoomcar Host,WHATSAPP,,من المقرر أن يبدأ حجز ${no_fuel} ${entity_key} لـ ${customer_name} في قائمتك ${listing_encoded_id} في ${starts_at}.  {fuel_text} ${cargroup_name}  {license} في ${location_address}. - فريق Zoomcar Host ,
88e5f2e8d7224741baa710567f05fc14,booking_allocated_to_listing,${no_fuel}Booking(${entity_key}) is about to start at ${starts_at}.${fuel_text} ${cargroup_name} ${license} at ${location_address}.,ANDROID_PN,Booking is about to start,الحجز ${no_fuel}(${entity_key}) على وشك أن يبدأ في ${starts_at}. ${fuel_text}  {cargroup_name}  {license} في ${location_address}. ,الحجز على وشك أن يبدأ
a7c6beb57b8a4eb6820b965852e233eb,booking_allocated_to_listing,${no_fuel}Booking(${entity_key}) is about to start at ${starts_at}.${fuel_text} ${cargroup_name} ${license} at ${location_address}.,IOS_PN,Booking is about to start,الحجز ${no_fuel}(${entity_key}) على وشك أن يبدأ في ${starts_at}. ${fuel_text}  {cargroup_name}  {license} في ${location_address}. ,الحجز على وشك أن يبدأ
657d949efdf7457facfa54b028065bfa,booking_allocated_to_listing,${no_fuel}Booking ${entity_key} for ${customer_name} is scheduled to start on your Listing ${listing_encoded_id} at ${starts_at}.${fuel_text} ${cargroup_name} ${license} at ${location_address}. - Team Zoomcar Host,SMS,,من المقرر أن يبدأ حجز ${no_fuel} ${entity_key} لـ ${customer_name} في قائمتك ${listing_encoded_id} في ${starts_at}.  {fuel_text} ${cargroup_name}  {license} في ${location_address}. - فريق Zoomcar Host ,
b0694c69b94941e79e9d522cb210c6eb,feedback collection listing end sms,"Hey ${subscriber_type}, your listing ${listing_id} on your car ${car_license} just got completed. Click here ${deep_link} to share your car sharing experience for this listing - ${signature}.",SMS,,مرحبًا ${subscriber_type}، لقد اكتملت قائمتك ${listing_id} على سيارتك ${car_license}. انقر هنا ${deep_link} لمشاركة تجربة مشاركة سيارتك لهذه القائمة - ${signature}.,
9eb69ef819054ea3bb3c561a4a61856a,feedback listing end android pn,Click here to rate your car sharing experience for the booking ${listing_id},ANDROID_PN,Your car listing just got completed!,انقر هنا لتقييم تجربة مشاركة سيارتك للحجز ${listing_id} ,قائمة سيارتك اكتملت للتو!
4cf3f8b8f2964f319150cade4e3e7e80,feedback listing end android pn,Click here to rate your car sharing experience for the booking ${listing_id},IOS_PN,Your car listing just got completed!,انقر هنا لتقييم تجربة مشاركة سيارتك للحجز ${listing_id} ,قائمة سيارتك اكتملت للتو!
fced1f0c768945c8953bb3a90a70a505,hd_booking_allocated_to_listing,"Hey Zoomcar Host, ${no_fuel}Booking ${entity_key} for ${customer_name} is scheduled to start on your Listing ${listing_encoded_id} at ${starts_at}. ${fuel_text} ${cargroup_name} ${license} at ${location_address}. Please note that this is a home delivery booking due to which the car would be picked up from your location a bit earlier than the booking start time, and would be dropped back a bit later than the booking end time. - Team Zoomcar Host",SMS,,مرحبًا يا صاح، من المقرر أن يبدأ حجز ${no_fuel}${entity_key} لـ ${customer_name} في القائمة ${listing_encoded_id} في ${starts_at}.  {fuel_text} ${cargroup_name}  {license} في ${location_address}. يرجى ملاحظة أن هذا حجز توصيل إلى المنزل بسببه سيتم استلام السيارة من موقعك في وقت أبكر قليلاً من وقت بدء الحجز، وسيتم إرجاعها بعد وقت قصير من تاريخ انتهاء الحجز. - فريق Zoomcar Host ,
bb39ba9ff04d4be8ab254f9aaf5522a6,hd_booking_allocated_to_listing,"Hey Zoomcar Host, ${no_fuel}Booking ${entity_key} for ${customer_name} is scheduled to start on your Listing ${listing_encoded_id} at ${starts_at}.${fuel_text} ${cargroup_name} ${license} at ${location_address}. Please note that this is a home delivery booking due to which the car would be picked up from your location a bit earlier than the booking start time, and would be dropped back a bit later than the booking end time.- Team Zoomcar Host",WHATSAPP,,مرحبًا يا صاح، من المقرر أن يبدأ حجز ${no_fuel}${entity_key} لـ ${customer_name} في القائمة ${listing_encoded_id} في ${starts_at}.  {fuel_text} ${cargroup_name}  {license} في ${location_address}. يرجى ملاحظة أن هذا حجز توصيل إلى المنزل بسببه سيتم استلام السيارة من موقعك في وقت أبكر قليلاً من وقت بدء الحجز، وسيتم إرجاعها بعد وقت قصير من تاريخ انتهاء الحجز. - فريق Zoomcar Host ,
90b0ed960c734c8481699b1560e933e8,jit_listing,Scheduling your listing well in advance by over ${min_listing_hours} hours will allow your car to be available for more number of bookings.,ANDROID_PN,Listing recommendation,ستسمح جدولة قائمتك مسبقًا بما يزيد عن ${min_listing_hours} من الساعات بأن تكون سيارتك متاحة لعدد أكبر من الحجوزات. ,توصية الإدراج
788f78bedc2143db8feab1037d3853ce,jit_listing,Scheduling your listing well in advance by over ${min_listing_hours} hours will allow your car to be available for more number of bookings.,IOS_PN,Listing recommendation,ستسمح جدولة قائمتك مسبقًا بما يزيد عن ${min_listing_hours} من الساعات بأن تكون سيارتك متاحة لعدد أكبر من الحجوزات. ,توصية الإدراج
a217e8fb668b43fa92505daa9c552f06,listing car not ready,"Your Listing (${entity_key}) is about to start at ${starts_at}, however, the car is ${reason}. Please note, if the checklist is not filled by the listing start time, the listing will be auto cancelled, and respective cancellation charges would be levied. Kindly hurry up to avoid any fines. ${cargroup_name} ${license} at ${location_address} from ${starts_at} to ${ends_at}. - ${signature}",SMS,,قائمتك (${entity_key}) على وشك البدء في ${starts_at}، ولكن السيارة ${reason} يرجى ملاحظة أنه إذا لم يتم ملء قائمة التحقق بحلول وقت بدء القائمة، فسيتم إلغاء القائمة تلقائيًا وسيتم فرض رسوم الإلغاء ذات الصلة. يرجى الإسراع في تجنب أي غرامات. ${cargroup_name}  {license} في ${location_address} من ${starts_at} إلى ${ends_at}. - ${signature} ,
49b677ada65f4fc894e4a2fde7b2c6a5,listing car not ready,Your Listing (${entity_key}) is about to start at ${starts_at} & the listing start checklist is not filled yet. Click here to fill it now and avoid listing cancellation.,ANDROID_PN,Fill the listing start checklist NOW!,قائمتك (${entity_key}) على وشك أن تبدأ في ${starts_at} ولم يتم ملء قائمة التحقق من بدء القائمة حتى الآن. انقر هنا لملئه الآن وتجنب إلغاء الإدراج.,
b0694c69b94941e79e9d522cb210c6eb,listing end feedback coms,"Hey ${subscriber_type}, your listing ${listing_id} on your car ${car_license} just got completed. Click here ${deep_link} to share your car sharing experience for this listing. - ${signature}",SMS,,مرحبًا ${subscriber_type}، لقد اكتملت قائمتك ${listing_id} على سيارتك ${car_license}. انقر هنا ${deep_link} لمشاركة تجربة مشاركة سيارتك لهذه القائمة. - ${signature} ,
122ace64546748b18fe0f51fb5f8a5ea,listing starts in an hour,Your Listing (${entity_key}) for ${cargroup_name} ${license} will start in an hour at ${location_address}. We hope that the car is ready and parked at the correct location - ${signature},SMS,,ستبدأ قائمتك (${entity_key}) لـ ${cargroup_name}  {license} في غضون ساعة في ${location_address}. نأمل أن تكون السيارة جاهزة ومتوقفة في المكان الصحيح - ${signature} ,
0dd2ae10a601431face0a13ffe5cdac8,listing starts in an hour,"We hope that the car is ready and parked at the correct location""",ANDROID_PN,Your listing (${entity_key}) starts in an hour!,"نتمنى ان تكون السيارة جاهزة و متوقفة في المكان الصحيح "" ",قائمتك (${entity_key}) تبدأ خلال ساعة!
2a6c7ae5ced64f728de4f9cdb4f90041,listing starts in an hour,"We hope that the car is ready and parked at the correct location""",IOS_PN,Your listing (${entity_key}) starts in an hour!,"نتمنى ان تكون السيارة جاهزة و متوقفة في المكان الصحيح "" ",قائمتك (${entity_key}) تبدأ خلال ساعة!
b7ac5763b0d64981a253128ac6dd591b,listing_booking_cancelled,"Hi ${associate_name}, We regret to inform you that the booking ${entity_key} on your Listing ${listing_encoded_id} has been cancelled due to ${cancellation_status}",WHATSAPP,,مرحبًا ${associate_name}، نأسف لإبلاغك بأنه تم إلغاء حجز ${entity_key} في قائمتك ${listing_encoded_id} بسبب ${cancellation_status}  ,
52e82dacf5bc4d579f582feb944ab13b,listing_booking_cancelled,"Hi ${associate_name}, We regret to inform you that the booking ${entity_key} on your Listing ${listing_encoded_id} has been cancelled due to ${cancellation_status} - Team Zoomcar Host",SMS,,مرحبًا ${associate_name}، نأسف لإبلاغك بأنه تم إلغاء حجز ${entity_key} في قائمتك ${listing_encoded_id} بسبب ${cancellation_status} - فريق Zoomcar Host ,
772f0934503b4cf6a6015783d91fc609,listing_booking_cancelled,We regret to inform you that the booking ${entity_key} on your Listing ${listing_encoded_id} has been cancelled due to ${cancellation_status},ANDROID_PN,Booking cancelled,نأسف لإبلاغك بإلغاء حجز ${entity_key} على بطاقة بياناتك ${listing_encoded_id} بسبب ${cancellation_status} ,تم إلغاء الحجز
e12c9a0982ce4764966352b64dafad46,listing_booking_cancelled,We regret to inform you that the booking ${entity_key} on your Listing ${listing_encoded_id} has been cancelled due to ${cancellation_status},IOS_PN,Booking cancelled,نأسف لإبلاغك بإلغاء حجز ${entity_key} على بطاقة بياناتك ${listing_encoded_id} بسبب ${cancellation_status} ,تم إلغاء الحجز
36c17e938956465aa4d6231ca4d42ce3,listing_booking_completed,"Booking ${entity_key} for Listing ${listing_encoded_id} on your car ${cargroup_name} ${license} which was scheduled to end at ${ends_at}, has ended at ${returned_at}. We will notify you once have found the next booking for your car. - Team Zoomcar Host",SMS,,انتهى حجز ${entity_key} لإدراج ${listing_encoded_id} على سيارتك ${cargroup_name}  {license} التي كان من المقرر أن تنتهي عند  ${ends_at}، عند ${Returned_at}. سنقوم بإعلامك بمجرد العثور على الحجز التالي لسيارتك. -  فريق Zoomcar Host ,
bd1f8d19689342e79e7d4f61c49511d9,listing_booking_completed,"Booking ${entity_key} for Listing ${listing_encoded_id} on your car ${cargroup_name} ${license} which was scheduled to end at ${ends_at}, has returned now. We will notify you once have found the next booking for your car.",IOS_PN,Booking completed,تم إرجاع حجز ${entity_key} لإدراج ${listing_encoded_id} على سيارتك ${cargroup_name}  {license} التي كان من المقرر أن تنتهي في ${ends_at} الآن. سنقوم بإعلامك بمجرد العثور على الحجز التالي لسيارتك. ,اكتمل الحجز
e08736fc01b342b68cbefbdfc0a2ad5c,listing_booking_completed,"Booking ${entity_key} for Listing ${listing_encoded_id} on your car ${cargroup_name} ${license} which was scheduled to end at ${ends_at}, has returned now. We will notify you once have found the next booking for your car.",ANDROID_PN,Booking completed,تم إرجاع حجز ${entity_key} لإدراج ${listing_encoded_id} على سيارتك ${cargroup_name}  {license} التي كان من المقرر أن تنتهي في ${ends_at} الآن. سنقوم بإعلامك بمجرد العثور على الحجز التالي لسيارتك. ,اكتمل الحجز
043da0ced7a046aba7a90a09bbb25c56,Listing_booking_completed_Amigo_whatsapp,"Booking ${entity_key} for Listing ${listing_encoded_id} on your car ${cargroup_name} ${license} which was scheduled to end at ${ends_at}, has ended at ${returned_at}. We will notify you once have found the next booking for your car.",WHATSAPP,,انتهى حجز ${entity_key} لإدراج ${listing_encoded_id} على سيارتك ${cargroup_name}  {license} التي كان من المقرر أن تنتهي عند ${ends_at} ، عند ${returned_at}. سنقوم بإعلامك بمجرد العثور على الحجز التالي لسيارتك.,
99cedfb1aa534369afdda52889276632,listing_booking_extended,"Hi ${associate_name}, the trip on your car  (Car Number: ${license}) for the booking ID - ${confirmation_key} has been extended, and the new End Time is ${new_end_time}. Dont worry, we will make sure to account for the extension in your earnings from this booking. - Team Zoomcar Host",SMS,,مرحبًا ${associate_name}، لقد تم تمديد الرحلة على سيارتك (رقم السيارة: ${license}) لمعرف الحجز - ${confirmation_key}، ووقت الانتهاء الجديد هو ${new_end_time}. لا تقلق، سوف نتأكد من حساب التمديد في أرباحك من هذا الحجز. -  فريق Zoomcar Host ,
2efd1a75e99d43cbb177cc8375614ffe,listing_booking_rescheduled,Booking ${entity_key} for Listing ${listing_encoded_id} on your car ${cargroup_name} ${license} which was scheduled to ${reschedule_text},WHATSAPP,,حجز ${entity_key} لإدراج ${listing_encoded_id} على سيارتك ${cargroup_name}$ {license} الذي كان مجدولًا إلى ${reschedule_text}    ,
0d512c23ce9e46f5b2c2ea4aadfc72e4,listing_booking_rescheduled,Booking ${entity_key} for Listing ${listing_encoded_id} on your car ${cargroup_name} ${license} which was scheduled to ${reschedule_text} - Team Zoomcar Host,SMS,,حجز ${entity_key} لإدراج ${listing_encoded_id} على سيارتك ${cargroup_name}$ {license} الذي كان مجدولًا إلى ${reschedule_text} - فريق Zoomcar Host  ,
b7fdc1fb2c334fc6ab418853b61d053b,listing_booking_rescheduled,The Booking allocated to your listing is rescheduled. Please Tap to see more details.,ANDROID_PN,Booking rescheduled,تمت إعادة جدولة الحجز المخصص لقائمتك. الرجاء الضغط لمعرفة المزيد من التفاصيل. ,تمت إعادة جدولة الحجز
cf68b0a67b614fb387db748d2ae2a355,listing_booking_rescheduled,The Booking allocated to your listing is rescheduled. Please Tap to see more details.,IOS_PN,Booking rescheduled,تمت إعادة جدولة الحجز المخصص لقائمتك. الرجاء الضغط لمعرفة المزيد من التفاصيل. ,تمت إعادة جدولة الحجز
a97d7cb752ea4eacab16a2cc4d40a927,listing_booking_revenue_share,Booking ${entity_key} for Listing ${listing_encoded_id} on your car ${cargroup_name} ${license} which ended at ${returned_at} has now been settled. Check your Zoomcar Host app for more details. - Team Zoomcar Host,SMS,,تمت تسوية حجز ${entity_key} لإدراج ${listing_encoded_id} على سيارتك ${cargroup_name}  {license} التي انتهت عند ${returned_at}. تحقق من تطبيق Zoomcar Host الخاص بك لمزيد من التفاصيل. - فريق Zoomcar Host ,
8e4d7b8080c64bca8110bfc759e4e076,listing_booking_revenue_share,Booking ${entity_key} for Listing ${listing_encoded_id} on your car ${cargroup_name} ${license} which ended at ${returned_at} has now been settled. Click to check revenue details.,IOS_PN,Booking revenue share,تمت تسوية حجز ${entity_key} لإدراج ${listing_encoded_id} على سيارتك ${cargroup_name}  {license} التي انتهت عند ${returned_at}. انقر للتحقق من تفاصيل الإيرادات. ,حجز حصة الإيرادات
ce299327661440538302f2a12f6b05b2,listing_booking_revenue_share,Booking ${entity_key} for Listing ${listing_encoded_id} on your car ${cargroup_name} ${license} which ended at ${returned_at} has now been settled. Click to check revenue details.,ANDROID_PN,Booking revenue share,تمت تسوية حجز ${entity_key} لإدراج ${listing_encoded_id} على سيارتك ${cargroup_name}  {license} التي انتهت عند ${returned_at}. انقر للتحقق من تفاصيل الإيرادات. ,حجز حصة الإيرادات
37f1c3cba0ab4d0797db9237b3c2332a,listing_booking_started,Booking ${entity_key} for Listing ${listing_encoded_id} on your car ${cargroup_name} ${license} scheduled to start at ${starts_at} has now been picked up by Customer,ANDROID_PN,Booking started,حجز ${entity_key} لإدراج ${listing_encoded_id} على سيارتك ${cargroup_name}  {license} المقرر أن تبدأ في ${starts_at} قد اختارها العميل ,بدأ الحجز
bdb59af1dcca4ed99ced11142f57350b,listing_booking_started,Booking ${entity_key} for Listing ${listing_encoded_id} on your car ${cargroup_name} ${license} scheduled to start at ${starts_at} has now been picked up by Customer,IOS_PN,Booking started,حجز ${entity_key} لإدراج ${listing_encoded_id} على سيارتك ${cargroup_name}  {license} المقرر أن تبدأ في ${starts_at} قد اختارها العميل ,بدأ الحجز
cd91d179cdf049b49b578899e6c41133,listing_booking_started,Booking ${entity_key} for Listing ${listing_encoded_id} on your car ${cargroup_name} ${license} scheduled to start at ${starts_at} has now been picked up by Customer - Team Zoomcar Host,SMS,,حجز ${entity_key} لإدراج ${listing_encoded_id} على سيارتك ${cargroup_name}  {license} المقرر أن تبدأ في ${starts_at} قد اختارها العميل - فريق Zoomcar Host,
7dbd6748ddf0401fa483b4104510d92c,Listing_Booking_Started_Amigo_Whatsapp,Booking ${entity_key} for Listing ${listing_encoded_id} on your car ${cargroup_name} ${license} scheduled to start at ${starts_at} has now been picked up by Customer ${customer_name}.,WHATSAPP,,حجز ${entity_key} لإدراج ${listing_encoded_id} على سيارتك ${cargroup_name}  {license} المقرر أن تبدأ في ${starts_at} قد اختارها العميل ${customer_name},
088320bdcc794939932a64a8bca50405,listing_cancellation,Your Zoomcar listing (${entity_key}) has been cancelled${cancellation_charge_text}.,IOS_PN,Listing cancellation,تم إلغاء قائمة $Zoomcar (${entity_key}) {cancellation_charge_text}. ,إلغاء الإدراج
a6ccad1aa2ed40a793c21cfbcc68912c,listing_cancellation,Your Zoomcar listing (${entity_key}) has been cancelled${cancellation_charge_text}.,ANDROID_PN,Listing cancellation,تم إلغاء قائمة $Zoomcar (${entity_key}) {cancellation_charge_text}. ,إلغاء الإدراج
047c4cfae3a3496bb8823a8e95640dbb,listing_cancellation,Your Listing (${entity_key}) has been successfully cancelled${cancellation_charge_text}. Details are - ${cargroup_name} ${license} at ${location_address} from ${starts_at} to ${ends_at}. - Team Zoomcar Host,SMS,,تم إلغاء قائمتك (${entity_key}) بنجاح ${cancellation_charge_text}. التفاصيل - ${cargroup_name}$ {license} في ${location_address} من ${starts_at} إلى ${ends_at}. - فريق Zoomcar Host ,
7dd0835a3c164c93aa77b2ab91769a35,listing_car_not_ready,Your Listing (${entity_key}) is about to start soon from ${starts_at} however the car is not marked ready.,ANDROID_PN,Listing car not ready,قائمتك (${entity_key}) على وشك البدء قريبًا من ${starts_at} ولكن السيارة غير جاهزة. ,قائمة السيارة غير جاهزة
5b5e8f8c8f534b17b9ca52c3dad6bad9,listing_car_not_ready,Your Listing (${entity_key}) is about to start soon however the car is ${reason}. Kindly hurry up to avoid any fines. ${cargroup_name} ${license} at ${location_address} from ${starts_at} to ${ends_at}. - Team Zoomcar Host,SMS,,قائمتك (${entity_key}) على وشك البدء قريبًا ولكن السيارة ${reason}. يرجى الإسراع في تجنب أي غرامات. ${cargroup_name}  {license} في ${location_address} من ${starts_at} إلى ${ends_at}. -  فريق Zoomcar Host ,
0780a837feb74e2f858bbb128099fcfc,Listing_car_not_ready_alert_Amigo_V2,"Your Listing ${entity_key} is about to start at ${starts_at}, however, the car is ${reason}. Please note, if the checklist is not filled by the listing start time, the listing will be auto cancelled, and respective cancellation charges would be levied. Kindly hurry up to avoid any fines. ${cargroup_name} ${license} at ${location_address} from ${starts_at} to ${ends_at}.- Team Zoomcar Host",WHATSAPP,,قائمتك ${entity_key} على وشك أن يبدأ في ${starts_at}، ومع ذلك، السيارة ${reason}. يرجى ملاحظة أنه إذا لم يتم ملء قائمة التحقق بحلول وقت بدء القائمة، فسيتم إلغاء القائمة تلقائيًا، وسيتم فرض رسوم الإلغاء ذات الصلة. يرجى الإسراع في تجنب أي غرامات. ${cargroup_name}  {license} في ${location_address} من ${starts_at} إلى ${ends_at} . -  فريق Zoomcar Host ,
4d63308d7ccb436ab9a6cbeadfd76394,Listing_Checklist_Changes_Alert_Amigo_SMS,"Hey Zoomcar Host! Whenever a listing is created, the listing start checklist needs to be filled within the 12 hours window, which starts 12 hours before the listing start time, and ends at the listing start time. Please note that going forward, if the listing start checklist is not filled within this 12 hours window, the listing will get auto cancelled and respective cancellation charges would be levied - Team Zoomcar Host",SMS,,مرحبا يا صاح! عندما يتم إنشاء قائمة، يجب ملء قائمة التحقق من بدء القائمة في غضون 12 ساعة، والتي تبدأ قبل 12 ساعة من وقت بدء القائمة، وتنتهي في وقت بدء القائمة. يرجى ملاحظة أنه من الآن فصاعدًا، إذا لم يتم ملء قائمة التحقق من بدء الإدراج في غضون 12 ساعة، فسيتم إلغاء القائمة تلقائيًا وسيتم فرض رسوم الإلغاء ذات الصلة - فريق Zoomcar Host ,
7d3e333238a0432ea86850e8f8fc723a,listing_checklist_reminder,"Hi ${associate_name}, this is to keep you informed that whenever a listing is created, the listing start checklist needs to be filled within the 12 hrs window, which starts 12 hours before the listing start time and ends at the listing start time. Please note that if it is not filled within this 12 hours window, the listing will get auto-canceled and respective cancellation charges would be levied -Team Zoomcar Host",WHATSAPP,,مرحبًا ${associate_name}، هذا لإعلامك بأنه كلما تم إنشاء قائمة، يجب ملء قائمة التحقق من بدء القائمة في غضون 12 ساعة، والتي تبدأ قبل 12 ساعة من وقت بدء القائمة وتنتهي في وقت بدء القائمة. يرجى ملاحظة أنه إذا لم يتم ملؤها خلال نافذة الـ 12 ساعة هذه، فسيتم إلغاء القائمة تلقائيًا وسيتم فرض رسوم الإلغاء ذات الصلة - فريق Zoomcar Host ,
52b0010dfa6743eeabff8ced5ebf1c30,listing_creation,Your Listing has been confirmed for ${cargroup_name} ${license} from ${location_address},IOS_PN,Listing creation,تم تأكيد قائمتك لـ ${cargroup_name} $ {License} من ${location_address} ,إنشاء القائمة
257ae8f9a4844fecbe3ef599611dd522,listing_creation,Your Listing has been confirmed for ${cargroup_name} ${license} from ${location_address},ANDROID_PN,Listing creation,تم تأكيد قائمتك لـ ${cargroup_name} $ {License} من ${location_address} ,إنشاء القائمة
4edb2f76bf8d4a208861a75d5f6a8364,listing_delayed,Your Zoomcar Listing (${entity_key}) has not been made live yet. Late fee of ${late_fee} has been applied as the car ${cargroup_name} ${license} was not made available for the listing on time.,ANDROID_PN,Listing delayed,لم يتم نشر قائمة Zoomcar الخاصة بك (${entity_key})  حتى الآن. تم تطبيق الرسوم المتأخرة البالغة ${late_fee} نظرًا لعدم إتاحة السيارة ${cargroup_name}  {License} للإدراج في الوقت المحدد. ,قائمة تأخير
57a9c15bd2e647f8a49450ad63e94a49,listing_delayed,Your Zoomcar Listing (${entity_key}) has not been made live yet. Late fee of ${late_fee} has been applied as the car ${cargroup_name} ${license} was not made available for the listing on time.,IOS_PN,Listing delayed,لم يتم نشر قائمة Zoomcar الخاصة بك (${entity_key})  حتى الآن. تم تطبيق الرسوم المتأخرة البالغة ${late_fee} نظرًا لعدم إتاحة السيارة ${cargroup_name}  {License} للإدراج في الوقت المحدد. ,قائمة تأخير
8e6970fd40e4489d83ae4ee19e81af86,listing_delayed,"Your Listing (${entity_key}) has not been made live yet. Late fee of Rs ${late_fee} has been applied for ${late_hours} hours,  for your car ${cargroup_name} ${license} at ${location_address} from ${starts_at} to ${ends_at}. - Team Zoomcar Host",SMS,,لم يتم نشر قائمتك (${entity_key}) حتى الآن. تم تطبيق الرسوم المتأخرة البالغة ريال سعودي ${late_fee} لمدة ${late_hours} ساعة، لسيارتك ${cargroup_name}  {License} بسعر ${location_address} من ${starts_at} إلى ${ends_at}. -  فريق Zoomcar Host ,
39bf2e4567814269b366297dfaa47bca,listing_ends_early,We recommend to extend your listing to end after ${min_end_time}. Most Zoomcar users prefer to return cars early in morning. It gives you a higher chance of getting longer duration bookings & increases your revenue.,ANDROID_PN,Listing ends early,نوصي بتمديد قائمتك حتى تنتهي بعد ${min_end_time}. يفضل معظم مستخدمي Zoomcar إعادة السيارات في الصباح الباكر. يمنحك فرصة أكبر للحصول على حجوزات طويلة المدة ويزيد من إيراداتك.,القائمة تنتهي في وقت مبكر
a1fdd7223eb14922bc3ab7592f683d50,listing_ends_early,We recommend to extend your listing to end after ${min_end_time}. Most Zoomcar users prefer to return cars early in morning. It gives you a higher chance of getting longer duration bookings & increases your revenue.,IOS_PN,Listing ends early,نوصي بتمديد قائمتك حتى تنتهي بعد ${min_end_time}. يفضل معظم مستخدمي Zoomcar إعادة السيارات في الصباح الباكر. يمنحك فرصة أكبر للحصول على حجوزات طويلة المدة ويزيد من إيراداتك.,القائمة تنتهي في وقت مبكر
c057127e53394e78bddbc7d3f82b8cde,listing_ends_weekend,"End your listing after Monday morning ${monday_ends}, to increase chance of getting longer duration bookings, and increase your revenue.",IOS_PN,Listing ends weekend,قم بإنهاء قائمتك بعد يوم الاثنين صباحًا ${monday_ends}، لزيادة فرصة الحصول على حجوزات أطول، وزيادة أرباحك. ,القائمة تنتهي عطلة نهاية الأسبوع
f4cf7b51f4574b97ada52fb9b583b1a0,listing_ends_weekend,"End your listing after Monday morning ${monday_ends}, to increase chance of getting longer duration bookings, and increase your revenue.",ANDROID_PN,Listing ends weekend,قم بإنهاء قائمتك بعد يوم الاثنين صباحًا ${monday_ends}، لزيادة فرصة الحصول على حجوزات أطول، وزيادة أرباحك. ,القائمة تنتهي عطلة نهاية الأسبوع
f95c2ba1b1b5499c9b4392b0eaad7c80,Listing_NoShow_Cancelled_Amigo_whatsapp_V2,Your Listing (${entity_key}) has been cancelled as the car was not made available for the listing. ${no_show_charge_text}. Details are - ${cargroup_name} ${license} at ${location_address} from ${starts_at} to ${ends_at}.- Team Zoomcar Host,WHATSAPP,,تم إلغاء قائمتك (${entity_key}) لأن السيارة لم يتم توفيرها للإدراج. {no_show_charge_text} دولار. التفاصيل - ${cargroup_name} ${License} في ${location_address} من ${starts_at} إلى ${ends_at} .-  فريق Zoomcar Host ,
dcb12daed9904927adc8f0cc9aa8b802,listing_no_show_cancellation,Your Zoomcar Listing (${entity_key}) has been cancelled as the car was not made available for the listing.${no_show_charge_text},IOS_PN,Listing no show cancellation,تم إلغاء قائمة Zoomcar الخاصة بك (${entity_key})  لأن السيارة لم يتم توفيرها للإدراج. ${no_show_charge_text} ,إدراج عدم إلغاء العرض
9c25dd214f3243719f502748f1e36ac1,listing_no_show_cancellation,Your Zoomcar Listing (${entity_key}) has been cancelled as the car was not made available for the listing.${no_show_charge_text},ANDROID_PN,Listing no show cancellation,تم إلغاء قائمة Zoomcar الخاصة بك (${entity_key})  لأن السيارة لم يتم توفيرها للإدراج. ${no_show_charge_text} ,إدراج عدم إلغاء العرض
b4cc4e2cda3b49b2ad12a81b06703ca3,listing_no_show_cancellation,Your Listing (${entity_key}) has been cancelled as the car was not made available for the listing.${no_show_charge_text} Details are - ${cargroup_name} ${license} at ${location_address} from ${starts_at} to ${ends_at}. - Team Zoomcar Host,SMS,,تم إلغاء قائمتك (${entity_key}) لأن السيارة لم يتم توفيرها للإدراج. ${no_show_charge_text} التفاصيل - ${cargroup_name} ${License} في ${location_address} من ${starts_at} إلى ${ends_at}. - فريق Zoomcar Host ,
bd838e0fc7ce4103a87fcf9b7375b4ee,listing_reschedule,Your Zoomcar listing (${entity_key}) has been rescheduled${reschedule_charge_text}.,ANDROID_PN,Listing reschedule,تمت إعادة جدولة قائمة Zoomcar (${entity_key})$ {reschedule_charge_text}. ,إعادة جدولة الإدراج
87f6460d23d443be8890787b5b8e65ff,listing_reschedule,Your Zoomcar listing (${entity_key}) has been rescheduled${reschedule_charge_text}.,IOS_PN,Listing reschedule,تمت إعادة جدولة قائمة Zoomcar (${entity_key})$ {reschedule_charge_text}. ,إعادة جدولة الإدراج
edb34d5612a2412aac45797cf5d6c910,listing_reschedule,Your Listing (${entity_key}) has been successfully rescheduled${reschedule_charge_text}. Updated details are - ${cargroup_name} ${license} at ${location_address} from ${starts_at} to ${ends_at}. - Team Zoomcar Host,SMS,,تمت إعادة جدولة قائمتك (${entity_key}) بنجاح ${reschedule_charge_text} التفاصيل المحدّثة هي - ${cargroup_name} $ {License} في ${location_address} من ${starts_at} إلى ${ends_at}. - فريق Zoomcar Host ,
a28cf91153bc4071a92311a784d6c7d9,listing_starts_in_an_hour,Your Listing (${entity_key}) is about to start from ${starts_at},IOS_PN,Listing starts in an hour,قائمتك (${entity_key}) على وشك أن تبدأ من ${starts_at},القائمة تبدأ في ساعة
398a5610461e429397ecb6cc17cd3d49,listing_starts_in_an_hour,Your Listing (${entity_key}) is about to start from ${starts_at},ANDROID_PN,Listing starts in an hour,قائمتك (${entity_key}) على وشك أن تبدأ من ${starts_at},القائمة تبدأ في ساعة
259663c67bf24e9d970d0453568277e3,listing_starts_in_an_hour,Your Listing (${entity_key}) is about to start for ${cargroup_name} ${license} at ${location_address} from ${starts_at} to ${ends_at}. Kindly keep the car ready. - Team Zoomcar Host,SMS,,قائمتك (${entity_key}) على وشك البدء مقابل ${cargroup_name} ${License} في ${location_address} من ${starts_at} إلى ${ends_at}. يرجى إبقاء السيارة جاهزة. - فريق Zoomcar Host ,
823c2539371846228b99c58f69d7a6c9,Listing_starts_in_an_hour_alert_Amigo_Whatsapp_V2,Your Listing ${entity_key} for ${cargroup_name} ${license} will start in an hour at ${location_address}. We hope that the car is ready and parked at the correct location.- Team Zoomcar Host,WHATSAPP,,ستبدأ قائمتك ${entity_key}  لـ ${cargroup_name}  {License} في غضون ساعة في ${location_address}. نأمل أن تكون السيارة جاهزة ومتوقفة في المكان الصحيح. -  فريق Zoomcar Host,
8efb91c76d254b3d843c186f796a9810,listing_starts_late,We recommend to start your listing between ${min_start_time} and ${max_start_time}. Most Zoomcar users prefer to pick cars early in the morning. It gives you a higher chance of getting longer duration bookings & increase your revenue.,ANDROID_PN,Listing starts late,نوصي ببدء قائمتك بين ${min_start_time} و ${max_start_time}. يفضل معظم مستخدمي Zoomcar اختيار السيارات في الصباح الباكر. يمنحك فرصة أكبر للحصول على حجوزات طويلة الأمد وزيادة إيراداتك.,القائمة تبدأ في وقت متأخر
4987ce4c5c3b431db78d7426773bfa62,listing_starts_late,We recommend to start your listing between ${min_start_time} and ${max_start_time}. Most Zoomcar users prefer to pick cars early in the morning. It gives you a higher chance of getting longer duration bookings & increase your revenue.,IOS_PN,Listing starts late,نوصي ببدء قائمتك بين ${min_start_time} و ${max_start_time}. يفضل معظم مستخدمي Zoomcar اختيار السيارات في الصباح الباكر. يمنحك فرصة أكبر للحصول على حجوزات طويلة الأمد وزيادة إيراداتك.,القائمة تبدأ في وقت متأخر
53f0719ca232469ca0232bdcbda9710d,listing_starts_weekend,"We recommend to start your listing from Friday morning ${friday_starts}. It gives you a higher chance of getting longer duration bookings, and increases your revenue.",IOS_PN,Listing starts weekend,نوصي ببدء عرض قائمتك من يوم الجمعة صباحًا ${friday_starts}. يمنحك فرصة أكبر للحصول على حجوزات أطول ، ويزيد من إيراداتك ,يبدأ الإدراج في نهاية الأسبوع
6d84fce7f5634d6f808818abbfa9846f,listing_starts_weekend,"We recommend to start your listing from Friday morning ${friday_starts}. It gives you a higher chance of getting longer duration bookings, and increases your revenue.",ANDROID_PN,Listing starts weekend,نوصي ببدء عرض قائمتك من يوم الجمعة صباحًا ${friday_starts}. يمنحك فرصة أكبر للحصول على حجوزات أطول ، ويزيد من إيراداتك ,يبدأ الإدراج في نهاية الأسبوع
eb34cce8db874c60b268623396f2bcf1,listing_suggestion,Intelligent listings suggestions to maximize your revenue with just one tap.,ANDROID_PN,Listing suggestion,اقتراحات قوائم ذكية لزيادة أرباحك بنقرة واحدة فقط. ,اقتراح القائمة
bed7b4f050dd43e1bd95eb0f9b18dad8,listing_suggestion,Intelligent listings suggestions to maximize your revenue with just one tap.,IOS_PN,Listing suggestion,اقتراحات قوائم ذكية لزيادة أرباحك بنقرة واحدة فقط. ,اقتراح القائمة
2f5b366bbd7e48188d77418461dfb1ec,maintenence_block_during_listing,"An maintenance block is created on your car ${cargroup_name} ${license}, we expect to return your car by ${block_end}.",ANDROID_PN,Maintenence block,تم إنشاء حظر صيانة على سيارتك ${cargroup_name}  {License}، ونتوقع إعادة سيارتك بواسطة ${block_end}. ,كتلة الصيانة
366e7b7d159b45afb12d688cc1a590c6,maintenence_block_during_listing,"An maintenance block is created on your car ${cargroup_name} ${license}, we expect to return your car by ${block_end}.",IOS_PN,Maintenence block,تم إنشاء حظر صيانة على سيارتك ${cargroup_name}  {License}، ونتوقع إعادة سيارتك بواسطة ${block_end}. ,كتلة الصيانة
7e7a428833f94f62a68a943b94557882,maintenence_block_during_listing,"A maintenance block is created on your car ${cargroup_name} ${license}, we expect to return your car by ${block_end}. - Team Zoomcar Host",SMS,,تم إنشاء حظر صيانة لسيارتك ${cargroup_name}  {license}، ونتوقع إعادة سيارتك بواسطة ${block_end}. - فريق Zoomcar Host ,
aa9b72c3672346e582eecfdacfbf4b8f,no show cancellation,Your Listing (${entity_key}) has been cancelled as the car was not made available for the listing.${no_show_charge_text} Details are - ${cargroup_name} ${license} at ${location_address} from ${starts_at} to ${ends_at}. - ${signature},SMS,,تم إلغاء قائمتك (${entity_key}) لأن السيارة لم يتم توفيرها للإدراج. ${no_show_charge_text} التفاصيل - ${cargroup_name} ${license} في ${location_address} من ${starts_at} إلى ${ends_at}. - ${signature} ,
8dd7a626979048f5a126f5e679be2fab,no_recent_listing,"Hey Zoomcar Host, you haven't listed your car in a while. If you are not driving around the woods, click here to list your car and start earning!",IOS_PN,No recent listing,مرحبًا يا صاح، لم تقم بإدراج سيارتك منذ فترة. إذا كنت لا تقود سيارتك حول الغابة، فانقر هنا لإدراج سيارتك والبدء في الكسب! ,لا توجد قائمة حديثة
becb48b54e4b449991a1e745dc74b2d3,no_recent_listing,"Hey Zoomcar Host, you haven't listed your car in a while. If you are not driving around the woods, click here to list your car and start earning!",ANDROID_PN,No recent listing,مرحبًا يا صاح، لم تقم بإدراج سيارتك منذ فترة. إذا كنت لا تقود سيارتك حول الغابة، فانقر هنا لإدراج سيارتك والبدء في الكسب! ,لا توجد قائمة حديثة
41d5df92aee54f2692cfd32a8e37dc50,no_weekend_listing,"Hey Zoomcar Host, the weekend is around and you haven't created a listing yet. If you are not planning a road trip this weekend, tap here to list your car and maximize your earnings!",ANDROID_PN,No weekend listing,مرحبًا يا صاح، نهاية الأسبوع قريبة ولم تقم بإنشاء قائمة حتى الآن. إذا كنت لا تخطط لرحلة برية في نهاية هذا الأسبوع، فانقر هنا لإدراج سيارتك وزيادة أرباحك! ,لا توجد قائمة نهاية الأسبوع
4a7a9f29b16347d7a3796e6e7c5677cd,no_weekend_listing,"Hey Zoomcar Host, the weekend is around and you haven't created a listing yet. If you are not planning a road trip this weekend, tap here to list your car and maximize your earnings!",IOS_PN,No weekend listing,مرحبًا يا صاح، نهاية الأسبوع قريبة ولم تقم بإنشاء قائمة حتى الآن. إذا كنت لا تخطط لرحلة برية في نهاية هذا الأسبوع، فانقر هنا لإدراج سيارتك وزيادة أرباحك! ,لا توجد قائمة نهاية الأسبوع
2d1832dc60e045ae854f78c6e3f231d4,settle_feedback,Click here to rate your Earnings experience.,ANDROID_PN,Your earnings credited to your account!,انقر هنا لتقييم تجربة الأرباح الخاصة بك. ,تقيد أرباحك إلى حسابك!
ab535e9a988c439bbdf35e42d9a09afd,settle_feedback,Click here to rate your Earnings experience.,IOS_PN,Your earnings credited to your account!,انقر هنا لتقييم تجربة الأرباح الخاصة بك. ,تقيد أرباحك إلى حسابك!
5847f8917ece4451ae22acc1df08711b,settle_feedback,"Hey ${subscriber_type}, we have credited the earnings to your bank account for the last payout. Click here ${deep_link} to rate your earnings experience. - ${signature}.",SMS,,مرحبًا ${subscriber_type}، لقد أضفنا الأرباح إلى حسابك المصرفي عن العائد الأخير. انقر هنا ${deep_link} لتقييم تجربة أرباحك. - ${signature}. ,
1c8bb2e866304edc90af4b43be487afd,short_term_listing,"Hey Zoomcar Host, while your car listings are completely flexible, list your car for more than ${min_listing_days} days whenever possible to maximize your earnings!",IOS_PN,Short term listing,مرحبًا يا صاح، في حين أن قوائم سيارتك مرنة تمامًا ، قم بإدراج سيارتك لأكثر من ${min_listing_days} يوم كلما أمكن ذلك لزيادة أرباحك! ,قائمة قصيرة المدى
e541c4496e2e4808afb10b72db7bc80b,short_term_listing,"Hey Zoomcar Host, while your car listings are completely flexible, list your car for more than ${min_listing_days} days whenever possible to maximize your earnings!",ANDROID_PN,Short term listing,مرحبًا يا صاح، في حين أن قوائم سيارتك مرنة تمامًا ، قم بإدراج سيارتك لأكثر من ${min_listing_days} يوم كلما أمكن ذلك لزيادة أرباحك! ,قائمة قصيرة المدى
acf20c6e0ec040b781621e12385b3833,upload_document_amigo,Thank you ${user_name} for showing interest in Team Zoomcar Host. Next step: Follow the link to upload your documents ${tiny_url} - Team Zoomcar,SMS,,شكرًا لك ${user_name} لإبداء اهتمامك بـ Zoomcar Host. الخطوة التالية: اتبع الرابط لتحميل مستنداتك ${tiny_url} - فريق Zoomcar ,
2e2059cf12894f27a85a92a8b83950d2,weekend_listing,We recommend to schedule your listing from Friday morning to Monday morning to maximize your earnings!,ANDROID_PN,Weekend listing,نوصي بجدولة قائمتك من الجمعة صباحًا إلى صباح الاثنين لزيادة أرباحك إلى الحد الأقصى! ,قائمة عطلة نهاية الأسبوع
5657b93b67774d1b9fabcb6b8c27483b,weekend_listing,We recommend to schedule your listing from Friday morning to Monday morning to maximize your earnings!,IOS_PN,Weekend listing,نوصي بجدولة قائمتك من الجمعة صباحًا إلى صباح الاثنين لزيادة أرباحك إلى الحد الأقصى! ,قائمة عطلة نهاية الأسبوع
c895ff102d704f3caa98c0f9227f17a7,weekend_listing,"Hey ${associate_name}, we recommend to schedule your listing from Friday morning to Monday morning to maximize your earnings! - Team Zoomcar Host",SMS,,مرحبًا ${associate_name}، نوصي بجدولة قائمتك من الجمعة صباحًا إلى يوم الاثنين صباحًا لزيادة أرباحك إلى أقصى حد! - فريق Zoomcar Host ,